<?xml version="1.0" encoding="UTF-8"?>
<project-private xmlns="http://www.netbeans.org/ns/project-private/1">
    <editor-bookmarks xmlns="http://www.netbeans.org/ns/editor-bookmarks/2" lastBookmarkId="0"/>
    <open-files xmlns="http://www.netbeans.org/ns/projectui-open-files/2">
        <group>
            <file>file:/Users/steven/Library/CloudStorage/OneDrive-CastroCarazo/Universidad/Progra%20I/2025/IC%202025/Practicas%20Semanas/Semana%207/Semana7IC2025/src/Ejercicio1/Universidad.java</file>
            <file>file:/Users/steven/Library/CloudStorage/OneDrive-CastroCarazo/Universidad/Progra%20I/2025/IC%202025/Practicas%20Semanas/Semana%207/Semana7IC2025/src/EjercicioLogin/ProfesorLogin.java</file>
            <file>file:/Users/steven/Library/CloudStorage/OneDrive-CastroCarazo/Universidad/Progra%20I/2025/IC%202025/Practicas%20Semanas/Semana%207/Semana7IC2025/src/EjercicioLogin/MenuPrincipal.java</file>
            <file>file:/Users/steven/Library/CloudStorage/OneDrive-CastroCarazo/Universidad/Progra%20I/2025/IC%202025/Practicas%20Semanas/Semana%207/Semana7IC2025/src/EjercicioLogin/LogicaLogin.java</file>
            <file>file:/Users/steven/Library/CloudStorage/OneDrive-CastroCarazo/Universidad/Progra%20I/2025/IC%202025/Practicas%20Semanas/Semana%207/Semana7IC2025/src/Ejercicio1/Estudiantes.java</file>
            <file>file:/Users/steven/Library/CloudStorage/OneDrive-CastroCarazo/Universidad/Progra%20I/2025/IC%202025/Practicas%20Semanas/Semana%207/Semana7IC2025/src/Ejercicio1/Inicio.java</file>
            <file>file:/Users/steven/Library/CloudStorage/OneDrive-CastroCarazo/Universidad/Progra%20I/2025/IC%202025/Practicas%20Semanas/Semana%207/Semana7IC2025/src/Ejercicio1/Profesores.java</file>
            <file>file:/Users/steven/Library/CloudStorage/OneDrive-CastroCarazo/Universidad/Progra%20I/2025/IC%202025/Practicas%20Semanas/Semana%207/Semana7IC2025/src/PaquetesHerencia/Personas.java</file>
            <file>file:/Users/steven/Library/CloudStorage/OneDrive-CastroCarazo/Universidad/Progra%20I/2025/IC%202025/Practicas%20Semanas/Semana%207/Semana7IC2025/src/EjercicioLogin/EstudianteLogin.java</file>
            <file>file:/Users/steven/Library/CloudStorage/OneDrive-CastroCarazo/Universidad/Progra%20I/2025/IC%202025/Practicas%20Semanas/Semana%207/Semana7IC2025/src/EjercicioLogin/PersonasLogin.java</file>
        </group>
    </open-files>
</project-private>
